Reason,Ticker,Headline
Missing tag,,
Missing tag,,
Missing tag,,
Missing tag,,
Missing tag,,
Missing tag,,HomeNewsScreenerMapsGroupsPortfolioInsiderFuturesForexCryptoBacktestsPricingThemeHelpLoginRegister
Missing tag,,HomeNewsScreenerMapsGroupsPortfolioInsiderFuturesForexCryptoBacktestsPricingThemeHelpLoginRegister
Invalid ticker,WRBY+14.61%,Warby Parker Partners with Google To Develop Intelligent Eyewear
Invalid ticker,MRNA+7.01%,"Moderna (MRNA) Stock Trades Up, Here Is Why"
Invalid ticker,PTLO-6.22%,Portillo's Inc. (PTLO): A Bull Case Theory
Invalid ticker,WRBY+14.61%,"Google announces smart glasses partnerships as it takes on Meta, Apple preps its own eyewear"
Invalid ticker,VIK-6.90%,"Viking Stock Slides After Earnings. Why Norwegian and Carnival Are Down, Too."
Invalid ticker,MRNA+7.01%,Moderna Stock Jumps on New FDA COVID-19 Booster Guidelines
Invalid ticker,EXP-7.95%,Eagle Materials Inc. (EXP): A Bull Case Theory
Invalid ticker,AS+17.66%,"Amer Sports shares surge on raised guidance, manageable tariff impact"





HomeNewsScreenerMapsGroupsPortfolioInsiderFuturesForexCryptoBacktestsEliteThemeHelpLoginRegister
HomeNewsScreenerMapsGroupsPortfolioInsiderFuturesForexCryptoBacktestsEliteThemeHelpLoginRegister
16 minPony AI Stock Skyrockets 300% -- Is This the Next Tesla of Robotaxis?PONY+8.81%GuruFocus.com
19 minWhy Warby Parker (WRBY) Stock Is Trading Up TodayWRBY+16.71%StockStory
30 minWarby Parker teams with Google to develop AI-enabled glassesWRBY+16.71%GOOGLGOOGChain Store Age
31 minWhy Amer Sports Rocketed Higher TodayAS+17.62%Motley Fool
33 minPony AI (PONY) Reports Strong Revenue Growth, Net Loss ShrinksPONY+8.81%Insider Monkey
36 minFDA Will Limit Approvals for Covid-19 Shots. Moderna Stock Soars.MRNA+6.19%Barrons.com
51 minJPMorgan Maintains Overweight Rating on Amer Sports (AS), Lifts PTAS+17.62%Insider Monkey
1 hourWarby Parker Stock Pops on Partnership With Google to Develop AI GlassesWRBY+16.71%GOOGLGOOGMETABarrons.com





HomeNewsScreenerMapsGroupsPortfolioInsiderFuturesForexCryptoBacktestsPricingThemeHelpLoginRegister
HomeNewsScreenerMapsGroupsPortfolioInsiderFuturesForexCryptoBacktestsPricingThemeHelpLoginRegister
3 minCurrenc Group Inc. Announces First Quarter 2025 Financial ResultsCURR-19.08%GlobeNewswire
8 minCOVID vaccine guidelines, D-Wave, Viking Cruises: Trending TickersQBTS+25.36%VIK-5.53%NVAXYahoo Finance Video
13 min3 takeaways from Alphabet's AI-focused Google I/O 2025WRBY+17.13%GOOGGOOGLYahoo Finance Video
23 minPony AI Stock Skyrockets 300% -- Is This the Next Tesla of Robotaxis?PONY+6.15%GuruFocus.com
26 minWhy Warby Parker (WRBY) Stock Is Trading Up TodayWRBY+17.13%StockStory
37 minWarby Parker teams with Google to develop AI-enabled glassesWRBY+17.13%GOOGGOOGLChain Store Age
38 minWhy Amer Sports Rocketed Higher TodayAS+18.06%Motley Fool
39 minPony AI (PONY) Reports Strong Revenue Growth, Net Loss ShrinksPONY+6.15%Insider Monkey
43 minFDA Will Limit Approvals for Covid-19 Shots. Moderna Stock Soars.MRNA+6.50%Barrons.com
58 minJPMorgan Maintains Overweight Rating on Amer Sports (AS), Lifts PTAS+18.06%Insider Monkey





HomeNewsScreenerMapsGroupsPortfolioInsiderFuturesForexCryptoBacktestsPricingThemeHelpLoginRegister
HomeNewsScreenerMapsGroupsPortfolioInsiderFuturesForexCryptoBacktestsPricingThemeHelpLoginRegister
1 minASP Isotopes Enters into Agreement For Potential Acquisition of RenergenASPI-8.58%Insider Monkey
4 minQXO Announces Launch of Concurrent Offerings of Common Stock and Depositary SharesQXO+5.17%Business Wire
8 minCurrenc Group Inc. Announces First Quarter 2025 Financial ResultsCURR-19.23%GlobeNewswire
14 minCOVID vaccine guidelines, D-Wave, Viking Cruises: Trending TickersQBTS+26.01%VIK-5.44%PFENVAXYahoo Finance Video
16 minAmer Sports Hot Streak: Runway Growth for Salomons XT-Whisper, Aero Glide 3 + Arcteryxs Shoe PipelineAS+18.35%Footwear News
19 min3 takeaways from Alphabet's AI-focused Google I/O 2025WRBY+17.17%GOOGGOOGLYahoo Finance Video
29 minPony AI Stock Skyrockets 300% -- Is This the Next Tesla of Robotaxis?PONY+6.09%GuruFocus.com
32 minWhy Warby Parker (WRBY) Stock Is Trading Up TodayWRBY+17.17%StockStory
42 minWarby Parker teams with Google to develop AI-enabled glassesWRBY+17.17%GOOGGOOGLChain Store Age
43 minWhy Amer Sports Rocketed Higher TodayAS+18.35%Motley Fool
45 minPony AI (PONY) Reports Strong Revenue Growth, Net Loss ShrinksPONY+6.09%Insider Monkey
48 minFDA Will Limit Approvals for Covid-19 Shots. Moderna Stock Soars.MRNA+5.87%Barrons.com





HomeNewsScreenerMapsGroupsPortfolioInsiderFuturesForexCryptoBacktestsEliteThemeHelpLoginRegister
HomeNewsScreenerMapsGroupsPortfolioInsiderFuturesForexCryptoBacktestsEliteThemeHelpLoginRegister
2 minASP Isotopes Enters into Agreement For Potential Acquisition of RenergenASPI-8.18%Insider Monkey
6 minQXO Announces Launch of Concurrent Offerings of Common Stock and Depositary SharesQXO+5.25%Business Wire
9 minNvidia-Backed AI Cloud Provider Nebius Stock Jumps Following Q1 ResultsNBIS+5.22%Investor's Business Daily
10 minCurrenc Group Inc. Announces First Quarter 2025 Financial ResultsCURR-18.45%GlobeNewswire
15 minCOVID vaccine guidelines, D-Wave, Viking Cruises: Trending TickersQBTS+26.27%MRNA+6.21%VIK-5.50%PFENVAXYahoo Finance Video
18 minAmer Sports Hot Streak: Runway Growth for Salomons XT-Whisper, Aero Glide 3 + Arcteryxs Shoe PipelineAS+18.35%Footwear News
20 min3 takeaways from Alphabet's AI-focused Google I/O 2025WRBY+17.25%GOOGLGOOGYahoo Finance Video
30 minPony AI Stock Skyrockets 300% -- Is This the Next Tesla of Robotaxis?PONY+5.03%GuruFocus.com
33 minWhy Warby Parker (WRBY) Stock Is Trading Up TodayWRBY+17.25%StockStory
44 minWarby Parker teams with Google to develop AI-enabled glassesWRBY+17.25%GOOGLGOOGChain Store Age
45 minWhy Amer Sports Rocketed Higher TodayAS+18.35%Motley Fool
46 minPony AI (PONY) Reports Strong Revenue Growth, Net Loss ShrinksPONY+5.03%Insider Monkey
50 minFDA Will Limit Approvals for Covid-19 Shots. Moderna Stock Soars.MRNA+6.21%Barrons.com





HomeNewsScreenerMapsGroupsPortfolioInsiderFuturesForexCryptoBacktestsEliteThemeHelpLoginRegister
HomeNewsScreenerMapsGroupsPortfolioInsiderFuturesForexCryptoBacktestsEliteThemeHelpLoginRegister
2 minASP Isotopes Enters into Agreement For Potential Acquisition of RenergenASPI-8.18%Insider Monkey
6 minQXO Announces Launch of Concurrent Offerings of Common Stock and Depositary SharesQXO+5.25%Business Wire
6 minKindlyMD Shareholders Approve Proposed Merger with Nakamoto HoldingsKDLY+8.36%Business Wire
9 minNvidia-Backed AI Cloud Provider Nebius Stock Jumps Following Q1 ResultsNBIS+5.22%Investor's Business Daily
10 minCurrenc Group Inc. Announces First Quarter 2025 Financial ResultsCURR-18.45%GlobeNewswire
15 minCOVID vaccine guidelines, D-Wave, Viking Cruises: Trending TickersQBTS+26.27%MRNA+6.21%VIK-5.50%PFENVAXYahoo Finance Video
18 minAmer Sports Hot Streak: Runway Growth for Salomons XT-Whisper, Aero Glide 3 + Arcteryxs Shoe PipelineAS+18.35%Footwear News
20 min3 takeaways from Alphabet's AI-focused Google I/O 2025WRBY+17.25%GOOGLGOOGYahoo Finance Video
30 minPony AI Stock Skyrockets 300% -- Is This the Next Tesla of Robotaxis?PONY+5.03%GuruFocus.com
33 minWhy Warby Parker (WRBY) Stock Is Trading Up TodayWRBY+17.25%StockStory
44 minWarby Parker teams with Google to develop AI-enabled glassesWRBY+17.25%GOOGLGOOGChain Store Age
45 minWhy Amer Sports Rocketed Higher TodayAS+18.35%Motley Fool
46 minPony AI (PONY) Reports Strong Revenue Growth, Net Loss ShrinksPONY+5.03%Insider Monkey
50 minFDA Will Limit Approvals for Covid-19 Shots. Moderna Stock Soars.MRNA+6.21%Barrons.com





HomeNewsScreenerMapsGroupsPortfolioInsiderFuturesForexCryptoBacktestsPricingThemeHelpLoginRegister
HomeNewsScreenerMapsGroupsPortfolioInsiderFuturesForexCryptoBacktestsPricingThemeHelpLoginRegister
5 minASP Isotopes Enters into Agreement For Potential Acquisition of RenergenASPI-7.05%Insider Monkey
9 minKindlyMD Shareholders Approve Proposed Merger with Nakamoto HoldingsKDLY+9.05%Business Wire
13 minCurrenc Group Inc. Announces First Quarter 2025 Financial ResultsCURR-17.98%GlobeNewswire
19 minCOVID vaccine guidelines, D-Wave, Viking Cruises: Trending TickersQBTS+26.07%MRNA+6.06%VIK-5.12%PFENVAXYahoo Finance Video
21 minAmer Sports Hot Streak: Runway Growth for Salomons XT-Whisper, Aero Glide 3 + Arcteryxs Shoe PipelineAS+19.09%Footwear News
23 min3 takeaways from Alphabet's AI-focused Google I/O 2025WRBY+15.63%GOOGLGOOGYahoo Finance Video
33 minPony AI Stock Skyrockets 300% -- Is This the Next Tesla of Robotaxis?PONY+5.85%GuruFocus.com
36 minWhy Warby Parker (WRBY) Stock Is Trading Up TodayWRBY+15.63%StockStory





HomeNewsScreenerMapsGroupsPortfolioInsiderFuturesForexCryptoBacktestsEliteThemeHelpLoginRegister
HomeNewsScreenerMapsGroupsPortfolioInsiderFuturesForexCryptoBacktestsEliteThemeHelpLoginRegister
4 minCXApp Inc. (Nasdaq: CXAI) Reports Strong Q1'25 Customer Success Metrics and Adoption of Agentic AI based CXAI PlatformCXAI+6.92%ACCESSWIRE
10 minASP Isotopes Enters into Agreement For Potential Acquisition of RenergenASPI-6.91%Insider Monkey
14 minKindlyMD Shareholders Approve Proposed Merger with Nakamoto HoldingsKDLY+9.03%Business Wire
18 minCurrenc Group Inc. Announces First Quarter 2025 Financial ResultsCURR-18.42%GlobeNewswire
23 minCOVID vaccine guidelines, D-Wave, Viking Cruises: Trending TickersQBTS+25.93%MRNA+6.06%VIKPFENVAXYahoo Finance Video
26 minAmer Sports Hot Streak: Runway Growth for Salomons XT-Whisper, Aero Glide 3 + Arcteryxs Shoe PipelineAS+19.05%Footwear News
28 min3 takeaways from Alphabet's AI-focused Google I/O 2025WRBY+15.63%GOOGLGOOGYahoo Finance Video
38 minPony AI Stock Skyrockets 300% -- Is This the Next Tesla of Robotaxis?PONY+5.74%GuruFocus.com





HomeNewsScreenerMapsGroupsPortfolioInsiderFuturesForexCryptoBacktestsPricingThemeHelpLoginRegister
HomeNewsScreenerMapsGroupsPortfolioInsiderFuturesForexCryptoBacktestsPricingThemeHelpLoginRegister
6 minCXApp Inc. (Nasdaq: CXAI) Reports Strong Q1'25 Customer Success Metrics and Adoption of Agentic AI based CXAI PlatformCXAI+6.92%ACCESSWIRE
13 minASP Isotopes Enters into Agreement For Potential Acquisition of RenergenASPI-6.91%Insider Monkey
16 minKindlyMD Shareholders Approve Proposed Merger with Nakamoto HoldingsKDLY+9.03%Business Wire





HomeNewsScreenerMapsGroupsPortfolioInsiderFuturesForexCryptoBacktestsPricingThemeHelpLoginRegister
HomeNewsScreenerMapsGroupsPortfolioInsiderFuturesForexCryptoBacktestsPricingThemeHelpLoginRegister
6 minCXApp Inc. (Nasdaq: CXAI) Reports Strong Q1'25 Customer Success Metrics and Adoption of Agentic AI based CXAI PlatformCXAI+6.92%ACCESSWIRE
13 minASP Isotopes Enters into Agreement For Potential Acquisition of RenergenASPI-6.91%Insider Monkey
16 minKindlyMD Shareholders Approve Proposed Merger with Nakamoto HoldingsKDLY+9.03%Business Wire





HomeNewsScreenerMapsGroupsPortfolioInsiderFuturesForexCryptoBacktestsEliteThemeHelpLoginRegister
HomeNewsScreenerMapsGroupsPortfolioInsiderFuturesForexCryptoBacktestsEliteThemeHelpLoginRegister
5 minNeuphoria Provides First Quarter 2025 Business UpdatesNEUP+9.86%GlobeNewswire
12 minCXApp Inc. (Nasdaq: CXAI) Reports Strong Q1'25 Customer Success Metrics and Adoption of Agentic AI based CXAI PlatformCXAI+6.92%ACCESSWIRE
19 minASP Isotopes Enters into Agreement For Potential Acquisition of RenergenASPI-6.91%Insider Monkey





HomeNewsScreenerMapsGroupsPortfolioInsiderFuturesForexCryptoBacktestsPricingThemeHelpLoginRegister
HomeNewsScreenerMapsGroupsPortfolioInsiderFuturesForexCryptoBacktestsPricingThemeHelpLoginRegister
1 hourZTO Reports First Quarter 2025 Unaudited Financial ResultsZTO-8.04%PR Newswire
1 hourWolfspeed prepares to file for bankruptcy within weeks, WSJ reportsWOLF-10.32%Reuters
1 hourGoogle Partners With Warby Parker, Kering to Develop AI GlassesWRBY+15.63%GOOGLGOOGThe Wall Street Journal
1 hourWhy Agilysys Stock Triumphed on TuesdayAGYS+22.10%Motley Fool
1 hourModerna Leads S&P 500 After FDA Eases Booster ConcernsMRNA+6.06%Insider Monkey
1 hourMullen Automotive (MULN) Reports Record Quarterly Results for Fiscal Q2 2025MULN-41.32%Insider Monkey





HomeNewsScreenerMapsGroupsPortfolioInsiderFuturesForexCryptoBacktestsPricingThemeHelpLoginRegister
HomeNewsScreenerMapsGroupsPortfolioInsiderFuturesForexCryptoBacktestsPricingThemeHelpLoginRegister
34 minIHS Towers Reaches Deal to Sell Its Rwanda Business to Paradigm Tower VenturesIHS-11.04%Insider Monkey
42 minWhy Warby Parker Stock Raced 16% Higher on AI News TuesdayWRBY+15.63%GOOGLGOOGMotley Fool
46 minWhy Fair Isaac Stock Dived by 8% TodayFICO-8.11%Motley Fool
1 hourZTO Reports First Quarter 2025 Unaudited Financial ResultsZTO-8.04%PR Newswire
1 hourWolfspeed prepares to file for bankruptcy within weeks, WSJ reportsWOLF-10.32%Reuters
1 hourGoogle Partners With Warby Parker, Kering to Develop AI GlassesWRBY+15.63%GOOGLGOOGThe Wall Street Journal
1 hourWhy Agilysys Stock Triumphed on TuesdayAGYS+22.10%Motley Fool
1 hourModerna Leads S&P 500 After FDA Eases Booster ConcernsMRNA+6.06%Insider Monkey





HomeNewsScreenerMapsGroupsPortfolioInsiderFuturesForexCryptoBacktestsPricingThemeHelpLoginRegister
HomeNewsScreenerMapsGroupsPortfolioInsiderFuturesForexCryptoBacktestsPricingThemeHelpLoginRegister
33 minJim Cramer on Berkshire Hathaway Inc. (BRK-B): "I Like That"BRK-BInsider Monkey
46 minSabre Corporation Announces Cash Tender Offers by Sabre GLBL Inc. for Existing Secured DebtSABR-6.29%PR Newswire
56 minSabre Corporation Announces Upsize and Pricing of Senior Secured Notes OfferingSABR-6.29%PR Newswire
2 hoursIHS Towers Reaches Deal to Sell Its Rwanda Business to Paradigm Tower VenturesIHS-11.04%Insider Monkey
2 hoursWhy Warby Parker Stock Raced 16% Higher on AI News TuesdayWRBY+15.63%GOOGLGOOGMotley Fool
2 hoursWhy Fair Isaac Stock Dived by 8% TodayFICO-8.11%Motley Fool





HomeNewsScreenerMapsGroupsPortfolioInsiderFuturesForexCryptoBacktestsPricingThemeHelpLoginRegister
HomeNewsScreenerMapsGroupsPortfolioInsiderFuturesForexCryptoBacktestsPricingThemeHelpLoginRegister
3 minNakamoto Holdings, Kindly MD, and Anchorage Digital Form Strategic Bitcoin Treasury PartnershipKDLY+47.18%ACCESSWIRE
5 minStock market today: Dow sheds 800 points, S&P 500, Nasdaq slide as Treasury yields surge, bitcoin hits recordTGT-5.13%NVDASPYYahoo Finance
6 minGinkgo Bioworks Announces Appointment of Steven Coen as Chief Financial OfficerDNA-7.07%PR Newswire
6 minNextNRG Reports Q1 2025 Revenues up 147% Year-over-YearNXXT+6.37%GlobeNewswire
6 minRoot, Inc. to Participate in Upcoming Investor ConferencesROOT-8.27%GlobeNewswire
6 minMaravai LifeSciencesReleases 2024 Sustainability ReportMRVI-6.67%GlobeNewswire
6 minVarex to Present at the Jefferies Global Healthcare ConferenceVREX-5.84%Business Wire
6 minNuvation Bio To Present New Data from Pivotal Clinical Studies of Taletrectinib in Advanced ROS1-Positive Non-Small Cell Lung Cancer at ASCO 2025 Annual MeetingNUVB-6.22%Business Wire
9 minSonos Announces Participation in Jefferies Public Technology ConferenceSONO-6.01%Business Wire
11 minArcellx Announces Its Participation at TD Cowen's 6th Annual Oncology Innovation Summit and Its Investor Event During EHA2025ACLX+8.10%Business Wire
11 minAdicet Bio to Participate in a Fireside Chat at the 2025 Jefferies Global Healthcare ConferenceACET-5.27%Business Wire
30 minTarget (TGT) Warns of Full-Year Sales Decline After Discretionary Slump and DEI BacklashTGT-5.13%GuruFocus.com
37 minPalo Alto's AI Momentum Make It A Top Cybersecurity Pick, Analyst SaysPANW-6.58%Benzinga
40 minSingular Research Reports on Oportun Financials' Q1 2025 ResultsOPRT-7.08%Newsfile
44 minPalo Alto Networks (PANW) Beats Q3 Estimates, Misses on MarginsPANW-6.58%GuruFocus.com
47 minXPeng Shares Soar After Q1 Revenue Surges 142% on Record DeliveriesXPEV+12.47%GuruFocus.com
49 minCredit Score Stocks Slide as FHFA Head Questions PricingFICO-15.23%TRU-9.03%EFX-6.95%Bloomberg
49 minHG Vora Releases Investor Presentation Highlighting Need for Shareholder-Led Change at PENN EntertainmentPENN-6.61%Business Wire
58 minDow Down 800 Points Heading Into the CloseCOMP-5.21%Barrons.com
